,sim,ndcg_norm,ndcg_not_norm
0,0,0.4169048952602765,0.4169048952602765
1,1,0.40704005320715236,0.40704005320715236
2,2,0.4112461620923253,0.4112461620923253
3,3,0.41587176662438524,0.41587176662438524
4,4,0.40948352789922543,0.40948352789922543
