,sim,ndcg_norm,ndcg_not_norm
0,0,0.40482383077661754,0.40291585371216737
1,1,0.4058783813762259,0.4012664927857333
2,2,0.40626589544363206,0.40952180331900795
3,3,0.4005657921082267,0.40592605546431204
4,4,0.4072982579689467,0.40803376152570814
