,sim,ndcg_norm,ndcg_not_norm
0,0,0.4040064313928509,0.4029784302590763
1,1,0.4077861288721859,0.40368787589375504
2,2,0.4123731366281584,0.4114742178451342
3,3,0.4234506752889724,0.41996158728397465
4,4,0.41996461295713755,0.41044825555240616
