,ndcg_norm_src,ndcg_not_norm_src_prop
0,0.4042650836329559,0.1884686524134561
1,0.41759192616111857,0.19159833812302693
2,0.41138876281714526,0.18913672974528842
3,0.40677267824912183,0.19064577104302532
4,0.40577812248288586,0.18995832027783452
